,song_index,danceability,energy,key,loudness,mode,speechiness,acousticness,instrumentalness,liveness,valence,tempo,type,id,uri,track_href,analysis_url,duration_ms,time_signature,genre,song_name,Unnamed: 0,title
1445,1445,0.755,0.561,0,-9.178,1,0.0467,0.00188,0.00939,0.309,0.289,115.053,audio_features,7rjkEHShjeeBFxN30g6OWm,spotify:track:7rjkEHShjeeBFxN30g6OWm,https://api.spotify.com/v1/tracks/7rjkEHShjeeBFxN30g6OWm,https://api.spotify.com/v1/audio-analysis/7rjkEHShjeeBFxN30g6OWm,168046,4,Dark Trap,500 on Me,,
2540,2540,0.516,0.649,6,-4.307,0,0.1939999999999999,0.591,1.77e-05,0.192,0.354,150.06799999999998,audio_features,75bfH2B3aSMK6Z2ISCKG6B,spotify:track:75bfH2B3aSMK6Z2ISCKG6B,https://api.spotify.com/v1/tracks/75bfH2B3aSMK6Z2ISCKG6B,https://api.spotify.com/v1/audio-analysis/75bfH2B3aSMK6Z2ISCKG6B,204800,3,Dark Trap,Taurine,,
3219,3219,0.633,0.931,4,-5.172000000000001,0,0.0342,0.0465,0.947,0.107,0.225,120.005,audio_features,6hlGRsmAUTXeK30lmvj3a5,spotify:track:6hlGRsmAUTXeK30lmvj3a5,https://api.spotify.com/v1/tracks/6hlGRsmAUTXeK30lmvj3a5,https://api.spotify.com/v1/audio-analysis/6hlGRsmAUTXeK30lmvj3a5,272000,4,Dark Trap,Elayshun,,
464,464,0.785,0.442,8,-13.061,0,0.444,0.111,6.670000000000001e-05,0.165,0.449,179.96099999999998,audio_features,62vRjmpzgvqIDYlFJlgTtS,spotify:track:62vRjmpzgvqIDYlFJlgTtS,https://api.spotify.com/v1/tracks/62vRjmpzgvqIDYlFJlgTtS,https://api.spotify.com/v1/audio-analysis/62vRjmpzgvqIDYlFJlgTtS,151385,4,Dark Trap,Manny,,
1451,1451,0.857,0.731,1,-6.354,1,0.0754,0.0822,0.000364,0.324,0.609,140.002,audio_features,0TKg8mG9qQX31U5qWoECjr,spotify:track:0TKg8mG9qQX31U5qWoECjr,https://api.spotify.com/v1/tracks/0TKg8mG9qQX31U5qWoECjr,https://api.spotify.com/v1/audio-analysis/0TKg8mG9qQX31U5qWoECjr,152880,4,Dark Trap,Naloxone,,
993,993,0.499,0.519,10,-9.694,0,0.105,0.562,4.75e-05,0.0903,0.241,154.436,audio_features,6LhIbVof5uPD42AZvj55KM,spotify:track:6LhIbVof5uPD42AZvj55KM,https://api.spotify.com/v1/tracks/6LhIbVof5uPD42AZvj55KM,https://api.spotify.com/v1/audio-analysis/6LhIbVof5uPD42AZvj55KM,159007,4,Dark Trap,They Said the Sky Was the Limit,,
4086,4086,0.675,0.351,4,-12.962,0,0.0415,0.3279999999999999,0.0435,0.0878,0.396,126.04,audio_features,02aRXINniTNti3MP3Pj2eT,spotify:track:02aRXINniTNti3MP3Pj2eT,https://api.spotify.com/v1/tracks/02aRXINniTNti3MP3Pj2eT,https://api.spotify.com/v1/audio-analysis/02aRXINniTNti3MP3Pj2eT,131473,4,Dark Trap,Ascension (feat. Madbliss),,
3488,3488,0.422,0.75,3,-8.919,0,0.052,0.287,0.919,0.127,0.1369999999999999,135.60299999999998,audio_features,0nPv4GNYCfK8r1OZKj8Egx,spotify:track:0nPv4GNYCfK8r1OZKj8Egx,https://api.spotify.com/v1/tracks/0nPv4GNYCfK8r1OZKj8Egx,https://api.spotify.com/v1/audio-analysis/0nPv4GNYCfK8r1OZKj8Egx,236029,4,Dark Trap,Seeker,,
2524,2524,0.385,0.7829999999999999,8,-3.3760000000000003,0,0.0587,0.00286,0.363,0.184,0.182,173.37400000000002,audio_features,2o7B4RSrntLdywRvq7FItc,spotify:track:2o7B4RSrntLdywRvq7FItc,https://api.spotify.com/v1/tracks/2o7B4RSrntLdywRvq7FItc,https://api.spotify.com/v1/audio-analysis/2o7B4RSrntLdywRvq7FItc,184615,5,Dark Trap,Weakness,,
3374,3374,0.509,0.873,9,-4.275,1,0.0529,0.0134,0.602,0.618,0.0307,123.673,audio_features,2XyyjlviQOgLBQyz7AbCls,spotify:track:2XyyjlviQOgLBQyz7AbCls,https://api.spotify.com/v1/tracks/2XyyjlviQOgLBQyz7AbCls,https://api.spotify.com/v1/audio-analysis/2XyyjlviQOgLBQyz7AbCls,311586,5,Dark Trap,Cold Sweat,,
4666,4666,0.523,0.867,9,-3.397,1,0.225,0.0406,3.81e-06,0.384,0.495,114.422,audio_features,5uLo7y0iqCzWEiox6aKJ24,spotify:track:5uLo7y0iqCzWEiox6aKJ24,https://api.spotify.com/v1/tracks/5uLo7y0iqCzWEiox6aKJ24,https://api.spotify.com/v1/audio-analysis/5uLo7y0iqCzWEiox6aKJ24,127687,4,Underground Rap,VOICESINMYHEAD,,
8525,8525,0.855,0.561,2,-5.105,1,0.2769999999999999,0.00135,0.0,0.187,0.408,157.016,audio_features,6FZjiSBSQoj1geAgXjvqez,spotify:track:6FZjiSBSQoj1geAgXjvqez,https://api.spotify.com/v1/tracks/6FZjiSBSQoj1geAgXjvqez,https://api.spotify.com/v1/audio-analysis/6FZjiSBSQoj1geAgXjvqez,156467,4,Underground Rap,Undefeated (feat. Lil Keed),,
6167,6167,0.8809999999999999,0.763,1,-5.694,1,0.188,0.132,0.0,0.0749,0.351,142.05700000000002,audio_features,2ktWRJFJrceNdFCDlrBKhT,spotify:track:2ktWRJFJrceNdFCDlrBKhT,https://api.spotify.com/v1/tracks/2ktWRJFJrceNdFCDlrBKhT,https://api.spotify.com/v1/audio-analysis/2ktWRJFJrceNdFCDlrBKhT,135393,4,Underground Rap,Van Glock,,
5830,5830,0.799,0.614,1,-10.165,1,0.525,0.0521,0.0,0.367,0.8440000000000001,181.76,audio_features,5ujIKl4PDCqxU4t9xv8XNO,spotify:track:5ujIKl4PDCqxU4t9xv8XNO,https://api.spotify.com/v1/tracks/5ujIKl4PDCqxU4t9xv8XNO,https://api.spotify.com/v1/audio-analysis/5ujIKl4PDCqxU4t9xv8XNO,146085,4,Underground Rap,DIET_ - A COLORS SHOW,,
7554,7554,0.901,0.59,9,-7.082000000000001,1,0.15,0.00458,1.31e-06,0.103,0.113,133.8,audio_features,0Fu9j8BmmooIGnaGNaIeVB,spotify:track:0Fu9j8BmmooIGnaGNaIeVB,https://api.spotify.com/v1/tracks/0Fu9j8BmmooIGnaGNaIeVB,https://api.spotify.com/v1/audio-analysis/0Fu9j8BmmooIGnaGNaIeVB,157675,4,Underground Rap,"Smoked Out, Loced Out",,
5658,5658,0.912,0.406,1,-8.801,1,0.1989999999999999,0.154,0.00656,0.108,0.103,200.068,audio_features,2pdPPxgd0QrmggrvlnWNgE,spotify:track:2pdPPxgd0QrmggrvlnWNgE,https://api.spotify.com/v1/tracks/2pdPPxgd0QrmggrvlnWNgE,https://api.spotify.com/v1/audio-analysis/2pdPPxgd0QrmggrvlnWNgE,138350,4,Underground Rap,Don't Be Mad At Me,,
8401,8401,0.818,0.5,11,-7.968,0,0.331,0.095,0.0,0.168,0.51,150.192,audio_features,2CIktojfxYQEPqruYivUrO,spotify:track:2CIktojfxYQEPqruYivUrO,https://api.spotify.com/v1/tracks/2CIktojfxYQEPqruYivUrO,https://api.spotify.com/v1/audio-analysis/2CIktojfxYQEPqruYivUrO,157960,4,Underground Rap,Hit,,
5541,5541,0.669,0.721,10,-7.507000000000001,0,0.0315,0.06,0.0,0.147,0.618,196.088,audio_features,7o36Aeu28yWmSkjgB8pRLm,spotify:track:7o36Aeu28yWmSkjgB8pRLm,https://api.spotify.com/v1/tracks/7o36Aeu28yWmSkjgB8pRLm,https://api.spotify.com/v1/audio-analysis/7o36Aeu28yWmSkjgB8pRLm,203507,4,Underground Rap,Nikki,,
5316,5316,0.816,0.7020000000000001,11,-3.2030000000000003,1,0.191,0.00414,0.0,0.0532,0.2689999999999999,140.009,audio_features,1vMBFP2IWffOjW5AXrwWdx,spotify:track:1vMBFP2IWffOjW5AXrwWdx,https://api.spotify.com/v1/tracks/1vMBFP2IWffOjW5AXrwWdx,https://api.spotify.com/v1/audio-analysis/1vMBFP2IWffOjW5AXrwWdx,169714,4,Underground Rap,Who Dat?,,
8159,8159,0.769,0.433,10,-10.358,0,0.161,0.151,0.0,0.119,0.7829999999999999,186.004,audio_features,1uRFuY4TkGV8kYOGlqLsJf,spotify:track:1uRFuY4TkGV8kYOGlqLsJf,https://api.spotify.com/v1/tracks/1uRFuY4TkGV8kYOGlqLsJf,https://api.spotify.com/v1/audio-analysis/1uRFuY4TkGV8kYOGlqLsJf,204758,4,Underground Rap,P.D.A,,
12343,12343,0.8,0.591,6,-8.808,1,0.271,0.111,0.0,0.429,0.747,117.003,audio_features,2gQYziDV5cSTRSqr6akzi5,spotify:track:2gQYziDV5cSTRSqr6akzi5,https://api.spotify.com/v1/tracks/2gQYziDV5cSTRSqr6akzi5,https://api.spotify.com/v1/audio-analysis/2gQYziDV5cSTRSqr6akzi5,210387,4,Trap Metal,Take A Step Back,,
11727,11727,0.6990000000000001,0.831,1,-9.655,1,0.877,0.0434,0.0,0.372,0.456,143.96,audio_features,3PJpz7NerwRmOCXgmi3uuD,spotify:track:3PJpz7NerwRmOCXgmi3uuD,https://api.spotify.com/v1/tracks/3PJpz7NerwRmOCXgmi3uuD,https://api.spotify.com/v1/audio-analysis/3PJpz7NerwRmOCXgmi3uuD,136667,4,Trap Metal,GET JUMPED,,
11895,11895,0.625,0.892,1,-8.071,1,0.31,0.0249,0.000608,0.3989999999999999,0.362,166.054,audio_features,0YuYm5ib7hL8TplkKN8d7X,spotify:track:0YuYm5ib7hL8TplkKN8d7X,https://api.spotify.com/v1/tracks/0YuYm5ib7hL8TplkKN8d7X,https://api.spotify.com/v1/audio-analysis/0YuYm5ib7hL8TplkKN8d7X,150361,4,Trap Metal,Spinal Tap,,
10785,10785,0.718,0.6679999999999999,8,-4.162,1,0.1369999999999999,0.0254,0.0078,0.124,0.038,130.826,audio_features,0XfQbq7DaMOmVXgQ71eA6E,spotify:track:0XfQbq7DaMOmVXgQ71eA6E,https://api.spotify.com/v1/tracks/0XfQbq7DaMOmVXgQ71eA6E,https://api.spotify.com/v1/audio-analysis/0XfQbq7DaMOmVXgQ71eA6E,77584,4,Trap Metal,kamikaze (+ pulse),,
11309,11309,0.713,0.8390000000000001,4,-6.377000000000001,0,0.349,0.00417,0.706,0.106,0.0369,150.004,audio_features,0FP2R9giDksk3a1GUQLfOz,spotify:track:0FP2R9giDksk3a1GUQLfOz,https://api.spotify.com/v1/tracks/0FP2R9giDksk3a1GUQLfOz,https://api.spotify.com/v1/audio-analysis/0FP2R9giDksk3a1GUQLfOz,149230,4,Trap Metal,As Above so Look out Below,,
11620,11620,0.84,0.4,5,-11.807,0,0.0516,0.698,0.00143,0.1159999999999999,0.381,124.009,audio_features,1jWJcuTUgO99gntArSPmrB,spotify:track:1jWJcuTUgO99gntArSPmrB,https://api.spotify.com/v1/tracks/1jWJcuTUgO99gntArSPmrB,https://api.spotify.com/v1/audio-analysis/1jWJcuTUgO99gntArSPmrB,154947,4,Trap Metal,BUMBLE BEE,,
11674,11674,0.76,0.499,1,-9.082,1,0.0855,0.145,0.00758,0.2019999999999999,0.685,146.004,audio_features,75CgFbAetbWG7wiLM8o8ao,spotify:track:75CgFbAetbWG7wiLM8o8ao,https://api.spotify.com/v1/tracks/75CgFbAetbWG7wiLM8o8ao,https://api.spotify.com/v1/audio-analysis/75CgFbAetbWG7wiLM8o8ao,144661,4,Trap Metal,Scars,,
12264,12264,0.44,0.847,6,-5.686,1,0.125,0.113,0.0461,0.516,0.203,149.644,audio_features,4MDlucO3JKF8ep9wk8wufZ,spotify:track:4MDlucO3JKF8ep9wk8wufZ,https://api.spotify.com/v1/tracks/4MDlucO3JKF8ep9wk8wufZ,https://api.spotify.com/v1/audio-analysis/4MDlucO3JKF8ep9wk8wufZ,140545,4,Trap Metal,XX122 - Tank Version,,
11452,11452,0.597,0.327,6,-13.288,1,0.0339,0.436,0.0318,0.103,0.163,125.007,audio_features,2QmRl7XsNna1i7gjpRXc5u,spotify:track:2QmRl7XsNna1i7gjpRXc5u,https://api.spotify.com/v1/tracks/2QmRl7XsNna1i7gjpRXc5u,https://api.spotify.com/v1/audio-analysis/2QmRl7XsNna1i7gjpRXc5u,123216,4,Trap Metal,Branches,,
11054,11054,0.871,0.407,1,-9.334,1,0.573,0.187,0.0,0.362,0.3339999999999999,200.042,audio_features,6brvlhkOJXJtJHdO9o1oPm,spotify:track:6brvlhkOJXJtJHdO9o1oPm,https://api.spotify.com/v1/tracks/6brvlhkOJXJtJHdO9o1oPm,https://api.spotify.com/v1/audio-analysis/6brvlhkOJXJtJHdO9o1oPm,126000,4,Trap Metal,Toe Tags & Broken Skulls,,
12893,12893,0.6890000000000001,0.735,2,-4.545,1,0.267,0.00922,0.00072,0.365,0.059,171.403,audio_features,77Ft1RJngppZlq59B6uP0z,spotify:track:77Ft1RJngppZlq59B6uP0z,https://api.spotify.com/v1/tracks/77Ft1RJngppZlq59B6uP0z,https://api.spotify.com/v1/audio-analysis/77Ft1RJngppZlq59B6uP0z,320627,4,Emo,Lose Yourself,,
13732,13732,0.5820000000000001,0.8909999999999999,8,-5.239,1,0.0457,0.00635,0.0,0.201,0.534,115.027,audio_features,7r8idehyb1p3PZXd7PmsEi,spotify:track:7r8idehyb1p3PZXd7PmsEi,https://api.spotify.com/v1/tracks/7r8idehyb1p3PZXd7PmsEi,https://api.spotify.com/v1/audio-analysis/7r8idehyb1p3PZXd7PmsEi,230427,4,Emo,The Last Of The Real Ones,,
13721,13721,0.5529999999999999,0.8590000000000001,10,-3.141,1,0.0376,0.0509,0.0,0.157,0.546,199.99400000000003,audio_features,46CiniduyRUQGrdpgrfZ9q,spotify:track:46CiniduyRUQGrdpgrfZ9q,https://api.spotify.com/v1/tracks/46CiniduyRUQGrdpgrfZ9q,https://api.spotify.com/v1/audio-analysis/46CiniduyRUQGrdpgrfZ9q,197800,4,Emo,I Wish I Was James Bond,,
13451,13451,0.563,0.396,1,-10.228,1,0.0302,0.551,0.0,0.163,0.302,192.028,audio_features,6et9xZjgjZxqKNZx8CUQQu,spotify:track:6et9xZjgjZxqKNZx8CUQQu,https://api.spotify.com/v1/tracks/6et9xZjgjZxqKNZx8CUQQu,https://api.spotify.com/v1/audio-analysis/6et9xZjgjZxqKNZx8CUQQu,275493,4,Emo,Happy Ending,,
12703,12703,0.251,0.954,6,-2.879,1,0.0691,0.000674,0.000132,0.0975,0.264,191.05900000000003,audio_features,5BmagRD7Thki6O1zZwbxBy,spotify:track:5BmagRD7Thki6O1zZwbxBy,https://api.spotify.com/v1/tracks/5BmagRD7Thki6O1zZwbxBy,https://api.spotify.com/v1/audio-analysis/5BmagRD7Thki6O1zZwbxBy,258000,4,Emo,The Boys of Summer,,
12657,12657,0.63,0.912,4,-5.589,0,0.0746,0.000177,0.0,0.118,0.597,184.764,audio_features,1m83tHCduuXUzbpA3lOlQt,spotify:track:1m83tHCduuXUzbpA3lOlQt,https://api.spotify.com/v1/tracks/1m83tHCduuXUzbpA3lOlQt,https://api.spotify.com/v1/audio-analysis/1m83tHCduuXUzbpA3lOlQt,234760,4,Emo,Headstrong,,
13042,13042,0.579,0.889,6,-4.078,1,0.0796,0.1969999999999999,0.0,0.131,0.556,125.948,audio_features,2M98FO4fkGec4lzsafk8YY,spotify:track:2M98FO4fkGec4lzsafk8YY,https://api.spotify.com/v1/tracks/2M98FO4fkGec4lzsafk8YY,https://api.spotify.com/v1/audio-analysis/2M98FO4fkGec4lzsafk8YY,248080,4,Emo,Intoxicated,,
13412,13412,0.441,0.2189999999999999,8,-14.586,1,0.0419,0.935,0.0,0.115,0.244,188.042,audio_features,39KG4kom3enSx4GTThuDGt,spotify:track:39KG4kom3enSx4GTThuDGt,https://api.spotify.com/v1/tracks/39KG4kom3enSx4GTThuDGt,https://api.spotify.com/v1/audio-analysis/39KG4kom3enSx4GTThuDGt,199120,4,Emo,Coaster,,
12979,12979,0.436,0.931,0,-5.587999999999999,1,0.0534,3.82e-06,0.0061,0.146,0.4029999999999999,185.078,audio_features,5llAcLZpMCl8KmrcVUrE8d,spotify:track:5llAcLZpMCl8KmrcVUrE8d,https://api.spotify.com/v1/tracks/5llAcLZpMCl8KmrcVUrE8d,https://api.spotify.com/v1/audio-analysis/5llAcLZpMCl8KmrcVUrE8d,216081,4,Emo,I Can Tell There Was an Accident Here Earlier,,
13312,13312,0.176,0.0148,2,-32.929,1,0.0376,0.955,0.921,0.109,0.0358,162.994,audio_features,0TOCTs2yOsYK888X4U2gcq,spotify:track:0TOCTs2yOsYK888X4U2gcq,https://api.spotify.com/v1/tracks/0TOCTs2yOsYK888X4U2gcq,https://api.spotify.com/v1/audio-analysis/0TOCTs2yOsYK888X4U2gcq,132907,4,Emo,A Life So Changed,,
14315,14315,0.8590000000000001,0.77,8,-5.358,0,0.345,0.0056,0.0,0.0731,0.348,155.025,audio_features,6qUabsNxudatEFedWGHoDh,spotify:track:6qUabsNxudatEFedWGHoDh,https://api.spotify.com/v1/tracks/6qUabsNxudatEFedWGHoDh,https://api.spotify.com/v1/audio-analysis/6qUabsNxudatEFedWGHoDh,207394,4,Rap,"FRANCHISE (feat. Future, Young Thug & M.I.A.) - REMIX",,
14435,14435,0.861,0.637,8,-5.692,0,0.24,0.0515,3.35e-06,0.0967,0.474,98.044,audio_features,7l3E7lcozEodtVsSTCkcaA,spotify:track:7l3E7lcozEodtVsSTCkcaA,https://api.spotify.com/v1/tracks/7l3E7lcozEodtVsSTCkcaA,https://api.spotify.com/v1/audio-analysis/7l3E7lcozEodtVsSTCkcaA,228654,4,Rap,ZEZE (feat. Travis Scott & Offset),,
15126,15126,0.8490000000000001,0.536,1,-7.307,1,0.349,0.0239,0.0,0.126,0.308,141.964,audio_features,4Z5FyQlevoHoa5FsIVKZju,spotify:track:4Z5FyQlevoHoa5FsIVKZju,https://api.spotify.com/v1/tracks/4Z5FyQlevoHoa5FsIVKZju,https://api.spotify.com/v1/audio-analysis/4Z5FyQlevoHoa5FsIVKZju,122587,4,Rap,PRACTICE,,
14816,14816,0.7809999999999999,0.6409999999999999,5,-8.102,1,0.138,0.0697,0.0,0.236,0.3289999999999999,120.134,audio_features,6PkRNUvByY3Wb6UJjSWZ49,spotify:track:6PkRNUvByY3Wb6UJjSWZ49,https://api.spotify.com/v1/tracks/6PkRNUvByY3Wb6UJjSWZ49,https://api.spotify.com/v1/audio-analysis/6PkRNUvByY3Wb6UJjSWZ49,143867,4,Rap,The Bottom,,
14250,14250,0.931,0.667,6,-7.042999999999999,0,0.318,0.0144,0.0,0.15,0.667,142.039,audio_features,021lWIHJrURZrmvYQ1xcM8,spotify:track:021lWIHJrURZrmvYQ1xcM8,https://api.spotify.com/v1/tracks/021lWIHJrURZrmvYQ1xcM8,https://api.spotify.com/v1/audio-analysis/021lWIHJrURZrmvYQ1xcM8,207739,4,Rap,All Bad (feat. Lil Uzi Vert),,
14367,14367,0.81,0.353,6,-9.931,0,0.31,0.588,0.0,0.102,0.0727,88.031,audio_features,0AluA5RNsa4Cx6XRhf2hWZ,spotify:track:0AluA5RNsa4Cx6XRhf2hWZ,https://api.spotify.com/v1/tracks/0AluA5RNsa4Cx6XRhf2hWZ,https://api.spotify.com/v1/audio-analysis/0AluA5RNsa4Cx6XRhf2hWZ,208293,4,Rap,10 Freaky Girls (with 21 Savage),,
15235,15235,0.743,0.787,5,-4.863,0,0.348,0.4029999999999999,0.0,0.0553,0.71,126.98,audio_features,6IY2y3kjjLaNbxW4GLiYQR,spotify:track:6IY2y3kjjLaNbxW4GLiYQR,https://api.spotify.com/v1/tracks/6IY2y3kjjLaNbxW4GLiYQR,https://api.spotify.com/v1/audio-analysis/6IY2y3kjjLaNbxW4GLiYQR,390005,4,Rap,Ill Mind of Hopsin 8,,
15453,15453,0.924,0.74,8,-1.2990000000000002,1,0.0774,0.0827,0.0,0.163,0.621,133.974,audio_features,7iXF2W9vKmDoGAhlHdpyIa,spotify:track:7iXF2W9vKmDoGAhlHdpyIa,https://api.spotify.com/v1/tracks/7iXF2W9vKmDoGAhlHdpyIa,https://api.spotify.com/v1/audio-analysis/7iXF2W9vKmDoGAhlHdpyIa,222293,4,Rap,Forgot About Dre,,
14441,14441,0.743,0.87,1,-2.188,1,0.212,0.0595,0.0,0.299,0.884,99.079,audio_features,3wScL5W8H40zzCKN0atfBk,spotify:track:3wScL5W8H40zzCKN0atfBk,https://api.spotify.com/v1/tracks/3wScL5W8H40zzCKN0atfBk,https://api.spotify.com/v1/audio-analysis/3wScL5W8H40zzCKN0atfBk,194184,4,Rap,Uproar,,
15689,15689,0.575,0.909,7,-2.134,1,0.0749,0.107,0.000535,0.272,0.177,114.803,audio_features,2X2tfg4uv39KM3dJEAnFXg,spotify:track:2X2tfg4uv39KM3dJEAnFXg,https://api.spotify.com/v1/tracks/2X2tfg4uv39KM3dJEAnFXg,https://api.spotify.com/v1/audio-analysis/2X2tfg4uv39KM3dJEAnFXg,170356,4,Rap,Forget About Me,,
17108,17108,0.7809999999999999,0.2769999999999999,8,-9.35,1,0.326,0.0408,0.000339,0.0754,0.302,163.987,audio_features,7LaI3mRTJu66r9HKdv7iBx,spotify:track:7LaI3mRTJu66r9HKdv7iBx,https://api.spotify.com/v1/tracks/7LaI3mRTJu66r9HKdv7iBx,https://api.spotify.com/v1/audio-analysis/7LaI3mRTJu66r9HKdv7iBx,204841,4,RnB,Gang Over Luv,,
17203,17203,0.95,0.743,10,-5.861000000000001,0,0.238,0.0646,1.19e-05,0.103,0.62,136.98,audio_features,76Y0gxtTxN0FyDCYh5qYQj,spotify:track:76Y0gxtTxN0FyDCYh5qYQj,https://api.spotify.com/v1/tracks/76Y0gxtTxN0FyDCYh5qYQj,https://api.spotify.com/v1/audio-analysis/76Y0gxtTxN0FyDCYh5qYQj,257546,4,RnB,Get Right Witcha,,
17252,17252,0.8109999999999999,0.726,2,-6.726,1,0.3229999999999999,0.362,1.88e-06,0.121,0.57,150.061,audio_features,7w8SYlPLA9bqj7vRHvYNDz,spotify:track:7w8SYlPLA9bqj7vRHvYNDz,https://api.spotify.com/v1/tracks/7w8SYlPLA9bqj7vRHvYNDz,https://api.spotify.com/v1/audio-analysis/7w8SYlPLA9bqj7vRHvYNDz,235897,4,RnB,Alive (with Offset & 2 Chainz),,
16176,16176,0.51,0.8170000000000001,0,-5.308,1,0.352,0.369,0.0,0.262,0.74,185.84,audio_features,2XrxehNuYNrUNioAFH9hhw,spotify:track:2XrxehNuYNrUNioAFH9hhw,https://api.spotify.com/v1/tracks/2XrxehNuYNrUNioAFH9hhw,https://api.spotify.com/v1/audio-analysis/2XrxehNuYNrUNioAFH9hhw,210173,4,RnB,Get That Paper,,
17434,17434,0.7290000000000001,0.6559999999999999,0,-8.56,1,0.0432,0.0613,0.0,0.0874,0.492,159.968,audio_features,49NhxprbG9oTtMunQCSXxA,spotify:track:49NhxprbG9oTtMunQCSXxA,https://api.spotify.com/v1/tracks/49NhxprbG9oTtMunQCSXxA,https://api.spotify.com/v1/audio-analysis/49NhxprbG9oTtMunQCSXxA,184490,4,RnB,TAlk tO Me (with Rich The Kid),,
17907,17907,0.759,0.578,8,-8.455,0,0.5720000000000001,0.1969999999999999,0.0,0.205,0.6970000000000001,116.809,audio_features,2dYbi3CYZL2wp3CoQ9i1II,spotify:track:2dYbi3CYZL2wp3CoQ9i1II,https://api.spotify.com/v1/tracks/2dYbi3CYZL2wp3CoQ9i1II,https://api.spotify.com/v1/audio-analysis/2dYbi3CYZL2wp3CoQ9i1II,175253,4,RnB,ShipTrip,,
17305,17305,0.851,0.6659999999999999,11,-5.334,0,0.0694,0.139,0.0,0.105,0.0585,134.06799999999998,audio_features,5PIfH6BzcmH04RDmtzF0BN,spotify:track:5PIfH6BzcmH04RDmtzF0BN,https://api.spotify.com/v1/tracks/5PIfH6BzcmH04RDmtzF0BN,https://api.spotify.com/v1/audio-analysis/5PIfH6BzcmH04RDmtzF0BN,129105,4,RnB,Outside Today,,
17675,17675,0.7090000000000001,0.745,4,-6.437,0,0.0738,0.0225,5.2e-05,0.154,0.5760000000000001,126.027,audio_features,0GX5oOKtU0nnx5OkhenW2i,spotify:track:0GX5oOKtU0nnx5OkhenW2i,https://api.spotify.com/v1/tracks/0GX5oOKtU0nnx5OkhenW2i,https://api.spotify.com/v1/audio-analysis/0GX5oOKtU0nnx5OkhenW2i,234360,4,RnB,Closer,,
17924,17924,0.312,0.466,9,-8.163,0,0.0509,0.7290000000000001,7.34e-06,0.215,0.195,135.44,audio_features,6oLHyWvmk6bKrA91EIYZBp,spotify:track:6oLHyWvmk6bKrA91EIYZBp,https://api.spotify.com/v1/tracks/6oLHyWvmk6bKrA91EIYZBp,https://api.spotify.com/v1/audio-analysis/6oLHyWvmk6bKrA91EIYZBp,212280,4,RnB,Wednesday Night Interlude,,
17487,17487,0.612,0.601,8,-7.089,1,0.1639999999999999,0.168,0.0,0.1169999999999999,0.525,147.018,audio_features,1KVczjazCcCCgM3gXXUl47,spotify:track:1KVczjazCcCCgM3gXXUl47,https://api.spotify.com/v1/tracks/1KVczjazCcCCgM3gXXUl47,https://api.spotify.com/v1/audio-analysis/1KVczjazCcCCgM3gXXUl47,223543,4,RnB,Roses (with Juice WRLD feat. Brendon Urie),,
18190,18190,0.7090000000000001,0.737,1,-6.515,1,0.0359,0.0434,0.736,0.0951,0.7070000000000001,125.073,audio_features,0XRsFxbUeG5w5RX5dDSNie,spotify:track:0XRsFxbUeG5w5RX5dDSNie,https://api.spotify.com/v1/tracks/0XRsFxbUeG5w5RX5dDSNie,https://api.spotify.com/v1/audio-analysis/0XRsFxbUeG5w5RX5dDSNie,180495,4,Pop,Forest,,
18101,18101,0.657,0.89,8,-6.1,0,0.105,0.0125,0.00979,0.0959,0.413,115.099,audio_features,34AMHq4j8ObJSdgZ5XrHFT,spotify:track:34AMHq4j8ObJSdgZ5XrHFT,https://api.spotify.com/v1/tracks/34AMHq4j8ObJSdgZ5XrHFT,https://api.spotify.com/v1/audio-analysis/34AMHq4j8ObJSdgZ5XrHFT,188609,4,Pop,Radiate,,
18253,18253,0.718,0.82,5,-3.4530000000000003,0,0.0323,0.0444,0.0,0.0846,0.613,185.996,audio_features,4XNrMwGx1SqP01sqkGTDmo,spotify:track:4XNrMwGx1SqP01sqkGTDmo,https://api.spotify.com/v1/tracks/4XNrMwGx1SqP01sqkGTDmo,https://api.spotify.com/v1/audio-analysis/4XNrMwGx1SqP01sqkGTDmo,219467,4,Pop,One More Night,,
18494,18494,0.7809999999999999,0.445,2,-6.061,1,0.0295,0.474,0.0,0.184,0.591,157.996,audio_features,1Slwb6dOYkBlWal1PGtnNg,spotify:track:1Slwb6dOYkBlWal1PGtnNg,https://api.spotify.com/v1/tracks/1Slwb6dOYkBlWal1PGtnNg,https://api.spotify.com/v1/audio-analysis/1Slwb6dOYkBlWal1PGtnNg,281560,4,Pop,Thinking out Loud,,
18431,18431,0.65,0.613,9,-6.13,0,0.128,0.00336,0.0,0.267,0.0804,149.972,audio_features,6o3QUC5oAE4g6WxRIFcZtb,spotify:track:6o3QUC5oAE4g6WxRIFcZtb,https://api.spotify.com/v1/tracks/6o3QUC5oAE4g6WxRIFcZtb,https://api.spotify.com/v1/audio-analysis/6o3QUC5oAE4g6WxRIFcZtb,194621,4,Pop,Wishing Well,,
18390,18390,0.457,0.573,5,-3.866,0,0.0275,0.578,3.05e-06,0.114,0.0992,152.386,audio_features,0Ri6sPso4CNTnHn7RroCt4,spotify:track:0Ri6sPso4CNTnHn7RroCt4,https://api.spotify.com/v1/tracks/0Ri6sPso4CNTnHn7RroCt4,https://api.spotify.com/v1/audio-analysis/0Ri6sPso4CNTnHn7RroCt4,238560,4,Pop,Beautiful,,
18439,18439,0.726,0.431,8,-8.765,0,0.135,0.731,0.0,0.696,0.348,144.026,audio_features,7eJMfftS33KTjuF7lTsMCx,spotify:track:7eJMfftS33KTjuF7lTsMCx,https://api.spotify.com/v1/tracks/7eJMfftS33KTjuF7lTsMCx,https://api.spotify.com/v1/audio-analysis/7eJMfftS33KTjuF7lTsMCx,173333,4,Pop,death bed (coffee for your head),,
18236,18236,0.701,0.942,5,-2.253,1,0.241,0.159,0.0,0.113,0.57,123.878,audio_features,6dqpkvBfHtnBbGErSKnTHU,spotify:track:6dqpkvBfHtnBbGErSKnTHU,https://api.spotify.com/v1/tracks/6dqpkvBfHtnBbGErSKnTHU,https://api.spotify.com/v1/audio-analysis/6dqpkvBfHtnBbGErSKnTHU,183871,4,Pop,Where Is the Love,,
18056,18056,0.722,0.758,11,-4.477,0,0.0471,0.0111,0.0,0.308,0.62,128.047,audio_features,7LcfRTgAVTs5pQGEQgUEzN,spotify:track:7LcfRTgAVTs5pQGEQgUEzN,https://api.spotify.com/v1/tracks/7LcfRTgAVTs5pQGEQgUEzN,https://api.spotify.com/v1/audio-analysis/7LcfRTgAVTs5pQGEQgUEzN,201160,4,Pop,Moves Like Jagger - Studio Recording From The Voice Performance,,
18188,18188,0.696,0.921,0,-3.755,1,0.0363,0.00314,5.24e-05,0.0842,0.7140000000000001,119.001,audio_features,1CZOrmHUUjeDP7N2B4Ba6S,spotify:track:1CZOrmHUUjeDP7N2B4Ba6S,https://api.spotify.com/v1/tracks/1CZOrmHUUjeDP7N2B4Ba6S,https://api.spotify.com/v1/audio-analysis/1CZOrmHUUjeDP7N2B4Ba6S,294573,4,Pop,Bad Romance,,
19068,19068,0.871,0.597,10,-10.117,0,0.2689999999999999,0.636,0.0003259999999999,0.158,0.65,198.354,audio_features,0vcC1PkohHTpqLHWkKc7C9,spotify:track:0vcC1PkohHTpqLHWkKc7C9,https://api.spotify.com/v1/tracks/0vcC1PkohHTpqLHWkKc7C9,https://api.spotify.com/v1/audio-analysis/0vcC1PkohHTpqLHWkKc7C9,295400,4,Hiphop,Buddy,,
19321,19321,0.584,0.821,1,-5.825,1,0.0705,0.1169999999999999,3.1e-06,0.335,0.422,159.714,audio_features,4yGHBbRDvGzlOtaEGe7T2D,spotify:track:4yGHBbRDvGzlOtaEGe7T2D,https://api.spotify.com/v1/tracks/4yGHBbRDvGzlOtaEGe7T2D,https://api.spotify.com/v1/audio-analysis/4yGHBbRDvGzlOtaEGe7T2D,354853,4,Hiphop,Break The Bank,,
21148,21148,0.73,0.746,1,-3.53,1,0.0517,0.0672,0.0,0.353,0.5489999999999999,185.046,audio_features,48PGeEeCqI5QZlUS9x4X6u,spotify:track:48PGeEeCqI5QZlUS9x4X6u,https://api.spotify.com/v1/tracks/48PGeEeCqI5QZlUS9x4X6u,https://api.spotify.com/v1/audio-analysis/48PGeEeCqI5QZlUS9x4X6u,239440,4,Hiphop,"Sweetest Girl (Dollar Bill) (feat. Akon, Lil' Wayne & Niia)",,
19799,19799,0.652,0.643,9,-5.667000000000001,0,0.0353,0.318,2.87e-06,0.208,0.109,104.932,audio_features,4qWCFTuNnmGNdY4egtb4ZY,spotify:track:4qWCFTuNnmGNdY4egtb4ZY,https://api.spotify.com/v1/tracks/4qWCFTuNnmGNdY4egtb4ZY,https://api.spotify.com/v1/audio-analysis/4qWCFTuNnmGNdY4egtb4ZY,228227,4,Hiphop,Otherside,,
18639,18639,0.544,0.626,2,-9.544,0,0.3339999999999999,0.311,0.0,0.106,0.3989999999999999,158.202,audio_features,7zqB2KFbCLdX0UHpaHRBjC,spotify:track:7zqB2KFbCLdX0UHpaHRBjC,https://api.spotify.com/v1/tracks/7zqB2KFbCLdX0UHpaHRBjC,https://api.spotify.com/v1/audio-analysis/7zqB2KFbCLdX0UHpaHRBjC,274826,1,Hiphop,Vibe,,
20333,20333,0.6859999999999999,0.703,6,-6.141,0,0.0606,0.00728,0.0,0.0946,0.457,144.90200000000002,audio_features,7gVwgc8b3XnO87TpmXXFA5,spotify:track:7gVwgc8b3XnO87TpmXXFA5,https://api.spotify.com/v1/tracks/7gVwgc8b3XnO87TpmXXFA5,https://api.spotify.com/v1/audio-analysis/7gVwgc8b3XnO87TpmXXFA5,172005,4,Hiphop,Diva (feat. Lil Tecca),,
19281,19281,0.618,0.711,2,-6.841,1,0.342,0.41,0.0,0.615,0.659,194.674,audio_features,5v9isbe4BHsWc9N25MmWfj,spotify:track:5v9isbe4BHsWc9N25MmWfj,https://api.spotify.com/v1/tracks/5v9isbe4BHsWc9N25MmWfj,https://api.spotify.com/v1/audio-analysis/5v9isbe4BHsWc9N25MmWfj,165693,4,Hiphop,Whenimondamic,,
20130,20130,0.7040000000000001,0.478,9,-6.562,1,0.047,0.7709999999999999,0.000516,0.0875,0.42,128.789,audio_features,2VMJkgrhqfOOYBlZif2nvX,spotify:track:2VMJkgrhqfOOYBlZif2nvX,https://api.spotify.com/v1/tracks/2VMJkgrhqfOOYBlZif2nvX,https://api.spotify.com/v1/audio-analysis/2VMJkgrhqfOOYBlZif2nvX,133560,4,Hiphop,She Wants My Money,,
19655,19655,0.836,0.144,11,-9.659,1,0.273,0.807,0.000425,0.11,0.6920000000000001,105.463,audio_features,1PduWt3eWLpdfPXUJfi3ut,spotify:track:1PduWt3eWLpdfPXUJfi3ut,https://api.spotify.com/v1/tracks/1PduWt3eWLpdfPXUJfi3ut,https://api.spotify.com/v1/audio-analysis/1PduWt3eWLpdfPXUJfi3ut,174700,4,Hiphop,Not Even Her (feat. Shiloh),,
20947,20947,0.787,0.86,6,-6.38,0,0.182,0.206,0.0,0.0777,0.625,179.99400000000003,audio_features,0wMBON83H9bcRTTWhprziY,spotify:track:0wMBON83H9bcRTTWhprziY,https://api.spotify.com/v1/tracks/0wMBON83H9bcRTTWhprziY,https://api.spotify.com/v1/audio-analysis/0wMBON83H9bcRTTWhprziY,224000,4,Hiphop,Outlawz,,
23078,23078,0.848,0.885,6,-7.53,1,0.0586,0.000723,0.7929999999999999,0.0722,0.835,126.004,audio_features,7kmdOsSxrNJTYbfN4ORjPg,spotify:track:7kmdOsSxrNJTYbfN4ORjPg,https://api.spotify.com/v1/tracks/7kmdOsSxrNJTYbfN4ORjPg,https://api.spotify.com/v1/audio-analysis/7kmdOsSxrNJTYbfN4ORjPg,230528,4,techhouse,,1566.0,Dirtybird//Techhouse by Mack\
24163,24163,0.8029999999999999,0.935,8,-5.665,0,0.0772,0.00383,0.87,0.146,0.55,124.999,audio_features,4LrTGjexMBUhNwj6KpdsIl,spotify:track:4LrTGjexMBUhNwj6KpdsIl,https://api.spotify.com/v1/tracks/4LrTGjexMBUhNwj6KpdsIl,https://api.spotify.com/v1/audio-analysis/4LrTGjexMBUhNwj6KpdsIl,218880,4,techhouse,,2660.0,Dirtybird Players
23583,23583,0.72,0.821,7,-5.12,0,0.0879,0.0241,1.86e-06,0.163,0.8079999999999999,127.909,audio_features,6dvyAoIz7uAnXWjZ6rlzW4,spotify:track:6dvyAoIz7uAnXWjZ6rlzW4,https://api.spotify.com/v1/tracks/6dvyAoIz7uAnXWjZ6rlzW4,https://api.spotify.com/v1/audio-analysis/6dvyAoIz7uAnXWjZ6rlzW4,228361,4,techhouse,,2078.0,Tech house
23919,23919,0.622,0.894,11,-4.893,0,0.179,0.00225,0.413,0.0952,0.419,123.018,audio_features,5hbyKYju1ZZegFG87Efqb6,spotify:track:5hbyKYju1ZZegFG87Efqb6,https://api.spotify.com/v1/tracks/5hbyKYju1ZZegFG87Efqb6,https://api.spotify.com/v1/audio-analysis/5hbyKYju1ZZegFG87Efqb6,403927,4,techhouse,,2415.0,Dirtybird House
23906,23906,0.8009999999999999,0.989,10,-5.466,0,0.0633,5.01e-05,0.695,0.0585,0.753,128.00799999999998,audio_features,4T3lZvL93cmprMEnTWSDcD,spotify:track:4T3lZvL93cmprMEnTWSDcD,https://api.spotify.com/v1/tracks/4T3lZvL93cmprMEnTWSDcD,https://api.spotify.com/v1/audio-analysis/4T3lZvL93cmprMEnTWSDcD,361387,4,techhouse,,2402.0,blanc | Tech House
21997,21997,0.8,0.695,1,-9.433,0,0.0643,0.00436,0.948,0.108,0.161,130.002,audio_features,5R1RVAap7FWVGND3kqYh8T,spotify:track:5R1RVAap7FWVGND3kqYh8T,https://api.spotify.com/v1/tracks/5R1RVAap7FWVGND3kqYh8T,https://api.spotify.com/v1/audio-analysis/5R1RVAap7FWVGND3kqYh8T,141209,4,techhouse,,477.0,Beatoirt Best New Tech House
21677,21677,0.804,0.624,10,-9.653,0,0.0636,2.95e-05,0.866,0.123,0.408,126.015,audio_features,2h6ltbppZ4qCph7HBOGhO8,spotify:track:2h6ltbppZ4qCph7HBOGhO8,https://api.spotify.com/v1/tracks/2h6ltbppZ4qCph7HBOGhO8,https://api.spotify.com/v1/audio-analysis/2h6ltbppZ4qCph7HBOGhO8,441905,4,techhouse,,153.0,Beatoirt Best New Tech House
22790,22790,0.696,0.787,4,-6.805,1,0.0496,0.000405,0.339,0.0477,0.332,123.988,audio_features,3s6dh2duRyDcs3iu56CqgY,spotify:track:3s6dh2duRyDcs3iu56CqgY,https://api.spotify.com/v1/tracks/3s6dh2duRyDcs3iu56CqgY,https://api.spotify.com/v1/audio-analysis/3s6dh2duRyDcs3iu56CqgY,437557,4,techhouse,,1277.0,Tech House by DOT Dance
23269,23269,0.804,0.951,11,-4.424,0,0.0894,0.135,0.743,0.0707,0.584,123.03,audio_features,1Pg5IsFVzth7L3xgoWiGQ4,spotify:track:1Pg5IsFVzth7L3xgoWiGQ4,https://api.spotify.com/v1/tracks/1Pg5IsFVzth7L3xgoWiGQ4,https://api.spotify.com/v1/audio-analysis/1Pg5IsFVzth7L3xgoWiGQ4,210732,4,techhouse,,1760.0,Dirtybird Players
21743,21743,0.799,0.846,1,-9.009,1,0.0577,0.00392,0.913,0.272,0.448,127.015,audio_features,5kinxw6xVeS3ddKv8BEWWB,spotify:track:5kinxw6xVeS3ddKv8BEWWB,https://api.spotify.com/v1/tracks/5kinxw6xVeS3ddKv8BEWWB,https://api.spotify.com/v1/audio-analysis/5kinxw6xVeS3ddKv8BEWWB,355276,4,techhouse,,221.0,Tech House Essentials by Distortion
24813,24813,0.682,0.622,8,-11.759,1,0.0485,0.00315,0.8420000000000001,0.134,0.142,124.989,audio_features,2S0Ndqp73BzbLQbfgwDgWX,spotify:track:2S0Ndqp73BzbLQbfgwDgWX,https://api.spotify.com/v1/tracks/2S0Ndqp73BzbLQbfgwDgWX,https://api.spotify.com/v1/audio-analysis/2S0Ndqp73BzbLQbfgwDgWX,460800,4,techno,,3320.0,|DARK|HARD|TECHNO
26881,26881,0.772,0.584,1,-13.547,1,0.131,0.00226,0.907,0.0896,0.0516,125.999,audio_features,2xbo4MjLHPANju4rPtWJkz,spotify:track:2xbo4MjLHPANju4rPtWJkz,https://api.spotify.com/v1/tracks/2xbo4MjLHPANju4rPtWJkz,https://api.spotify.com/v1/audio-analysis/2xbo4MjLHPANju4rPtWJkz,539173,4,techno,,5420.0,DARK UNDERGROUND TECHNO
25800,25800,0.601,0.969,11,-8.146,0,0.0444,0.0224,0.914,0.11,0.334,134.995,audio_features,3L0p983hBrZrhn1W4vhXtt,spotify:track:3L0p983hBrZrhn1W4vhXtt,https://api.spotify.com/v1/tracks/3L0p983hBrZrhn1W4vhXtt,https://api.spotify.com/v1/audio-analysis/3L0p983hBrZrhn1W4vhXtt,362633,4,techno,,4320.0,Dark Techno Rave
26067,26067,0.727,0.828,1,-11.529000000000002,1,0.0746,0.0805,0.8140000000000001,0.103,0.454,142.011,audio_features,6UerXd3NVMNph4a7Nq2mZP,spotify:track:6UerXd3NVMNph4a7Nq2mZP,https://api.spotify.com/v1/tracks/6UerXd3NVMNph4a7Nq2mZP,https://api.spotify.com/v1/audio-analysis/6UerXd3NVMNph4a7Nq2mZP,425236,4,techno,,4592.0,Dark Techno Rave
24832,24832,0.727,0.573,2,-7.447999999999999,1,0.0602,9.03e-05,0.8740000000000001,0.0816,0.0489,128.005,audio_features,2eqCccUFOABFgze5Xr7EaJ,spotify:track:2eqCccUFOABFgze5Xr7EaJ,https://api.spotify.com/v1/tracks/2eqCccUFOABFgze5Xr7EaJ,https://api.spotify.com/v1/audio-analysis/2eqCccUFOABFgze5Xr7EaJ,405000,4,techno,,3340.0,Techno
25273,25273,0.7440000000000001,0.8340000000000001,1,-9.26,1,0.0456,0.00144,0.848,0.116,0.148,124.002,audio_features,6nE0SC8W32AKg7UAj4DWBC,spotify:track:6nE0SC8W32AKg7UAj4DWBC,https://api.spotify.com/v1/tracks/6nE0SC8W32AKg7UAj4DWBC,https://api.spotify.com/v1/audio-analysis/6nE0SC8W32AKg7UAj4DWBC,281129,4,techno,,3784.0,Techno / Minimal / Hardcore/ Melodic / Dark
26373,26373,0.597,0.954,1,-6.479,1,0.0774,0.00517,0.389,0.17,0.0625,130.05700000000002,audio_features,0tkLUZ9QlgBB3gIbvRrfHS,spotify:track:0tkLUZ9QlgBB3gIbvRrfHS,https://api.spotify.com/v1/tracks/0tkLUZ9QlgBB3gIbvRrfHS,https://api.spotify.com/v1/audio-analysis/0tkLUZ9QlgBB3gIbvRrfHS,597055,4,techno,,4904.0,techno. only. (08/02)
26944,26944,0.7390000000000001,0.8740000000000001,7,-8.43,1,0.0475,0.00394,0.932,0.136,0.0568,128.006,audio_features,1fhjYMrhS6MtrJZvnBlPHY,spotify:track:1fhjYMrhS6MtrJZvnBlPHY,https://api.spotify.com/v1/tracks/1fhjYMrhS6MtrJZvnBlPHY,https://api.spotify.com/v1/audio-analysis/1fhjYMrhS6MtrJZvnBlPHY,420000,4,techno,,5484.0,techno. only. (08/02)
25238,25238,0.7909999999999999,0.71,7,-10.196,1,0.0569,0.0008789999999999,0.889,0.0834,0.1689999999999999,132.01,audio_features,3WjMm2t7ixavIQmlRjGsVb,spotify:track:3WjMm2t7ixavIQmlRjGsVb,https://api.spotify.com/v1/tracks/3WjMm2t7ixavIQmlRjGsVb,https://api.spotify.com/v1/audio-analysis/3WjMm2t7ixavIQmlRjGsVb,342067,5,techno,,3749.0,Dark Techno Rave
26433,26433,0.7959999999999999,0.981,11,-5.691,0,0.0555,0.0012,0.906,0.0907,0.173,130.0,audio_features,3H3G0xKNQY7RyDhlzlbhOr,spotify:track:3H3G0xKNQY7RyDhlzlbhOr,https://api.spotify.com/v1/tracks/3H3G0xKNQY7RyDhlzlbhOr,https://api.spotify.com/v1/audio-analysis/3H3G0xKNQY7RyDhlzlbhOr,360115,4,techno,,4965.0,Techno / Minimal / Hardcore/ Melodic / Dark
29162,29162,0.441,0.642,5,-13.692,1,0.0385,0.00924,0.8859999999999999,0.42,0.0393,129.998,audio_features,4lI4bSUHJESG8IxmhiCqc9,spotify:track:4lI4bSUHJESG8IxmhiCqc9,https://api.spotify.com/v1/tracks/4lI4bSUHJESG8IxmhiCqc9,https://api.spotify.com/v1/audio-analysis/4lI4bSUHJESG8IxmhiCqc9,243509,3,trance,,7706.0,State if Trance (The best ASOT Epsidoes)
27857,27857,0.565,0.963,5,-7.353,0,0.0427,0.000419,0.7929999999999999,0.688,0.54,139.995,audio_features,28cC203z969iPJZCgsNjPO,spotify:track:28cC203z969iPJZCgsNjPO,https://api.spotify.com/v1/tracks/28cC203z969iPJZCgsNjPO,https://api.spotify.com/v1/audio-analysis/28cC203z969iPJZCgsNjPO,421484,4,trance,,6401.0,Top Trance Songs EVER
29204,29204,0.622,0.846,6,-6.819,1,0.0649,0.00456,0.00138,0.0909,0.135,138.01,audio_features,0msD3bUUDnAzIWaiFGsOtd,spotify:track:0msD3bUUDnAzIWaiFGsOtd,https://api.spotify.com/v1/tracks/0msD3bUUDnAzIWaiFGsOtd,https://api.spotify.com/v1/audio-analysis/0msD3bUUDnAzIWaiFGsOtd,242001,4,trance,,7748.0,Top Trance Songs EVER
29130,29130,0.487,0.8690000000000001,8,-9.801,0,0.0611,0.000432,0.129,0.322,0.234,130.875,audio_features,3tHH8kpy5cAeyJToXvod8x,spotify:track:3tHH8kpy5cAeyJToXvod8x,https://api.spotify.com/v1/tracks/3tHH8kpy5cAeyJToXvod8x,https://api.spotify.com/v1/audio-analysis/3tHH8kpy5cAeyJToXvod8x,272769,4,trance,,7674.0,State if Trance (The best ASOT Epsidoes)
28370,28370,0.5660000000000001,0.879,0,-6.768,1,0.0723,0.000981,0.00244,0.444,0.199,129.94,audio_features,1lirkBbo44UHLp4xPa1W1x,spotify:track:1lirkBbo44UHLp4xPa1W1x,https://api.spotify.com/v1/tracks/1lirkBbo44UHLp4xPa1W1x,https://api.spotify.com/v1/audio-analysis/1lirkBbo44UHLp4xPa1W1x,155113,4,trance,,6914.0,State if Trance (The best ASOT Epsidoes)
27566,27566,0.653,0.944,2,-3.4210000000000003,1,0.0917,0.00163,0.473,0.352,0.0754,139.97,audio_features,4nijbf0O8zddqYJQjr1aqM,spotify:track:4nijbf0O8zddqYJQjr1aqM,https://api.spotify.com/v1/tracks/4nijbf0O8zddqYJQjr1aqM,https://api.spotify.com/v1/audio-analysis/4nijbf0O8zddqYJQjr1aqM,221000,4,trance,,6110.0,TRANNCE 2020 Best Trance Music Official
28083,28083,0.502,0.98,8,-4.498,1,0.0352,0.0114,0.968,0.0986,0.201,140.004,audio_features,0CV8PqgDS5V2kkoFZLu07t,spotify:track:0CV8PqgDS5V2kkoFZLu07t,https://api.spotify.com/v1/tracks/0CV8PqgDS5V2kkoFZLu07t,https://api.spotify.com/v1/audio-analysis/0CV8PqgDS5V2kkoFZLu07t,211714,4,trance,,6627.0,ASOT
28512,28512,0.731,0.523,11,-8.892000000000003,0,0.0563,0.001,0.915,0.0876,0.0508,125.996,audio_features,23qFaJBYKqV56IDuck8ne1,spotify:track:23qFaJBYKqV56IDuck8ne1,https://api.spotify.com/v1/tracks/23qFaJBYKqV56IDuck8ne1,https://api.spotify.com/v1/audio-analysis/23qFaJBYKqV56IDuck8ne1,466191,4,trance,,7056.0,Top Trance Songs EVER
27563,27563,0.416,0.94,6,-5.796,1,0.0908,0.00266,0.6409999999999999,0.0459,0.177,138.002,audio_features,0N7J3D57Z67KH9YNS3Leg3,spotify:track:0N7J3D57Z67KH9YNS3Leg3,https://api.spotify.com/v1/tracks/0N7J3D57Z67KH9YNS3Leg3,https://api.spotify.com/v1/audio-analysis/0N7J3D57Z67KH9YNS3Leg3,260644,4,trance,,6107.0,UPLIFTING TRANCE 2020
29232,29232,0.423,0.987,2,-6.0,1,0.0578,0.0306,0.911,0.924,0.204,139.984,audio_features,32KBALZCZjdaWjuB34Udwa,spotify:track:32KBALZCZjdaWjuB34Udwa,https://api.spotify.com/v1/tracks/32KBALZCZjdaWjuB34Udwa,https://api.spotify.com/v1/audio-analysis/32KBALZCZjdaWjuB34Udwa,231429,4,trance,,7776.0,UPLIFTING TRANCE 2020
30607,30607,0.6829999999999999,0.976,7,-5.157,1,0.0503,4.07e-05,0.7979999999999999,0.332,0.426,143.99,audio_features,1lY0kGyUBI7eGW7PfwKxzB,spotify:track:1lY0kGyUBI7eGW7PfwKxzB,https://api.spotify.com/v1/tracks/1lY0kGyUBI7eGW7PfwKxzB,https://api.spotify.com/v1/audio-analysis/1lY0kGyUBI7eGW7PfwKxzB,468333,4,psytrance,,9158.0,Psytrance: From Full on to Forrest Trance
30626,30626,0.649,0.8190000000000001,10,-6.198,0,0.0677,0.00646,0.7509999999999999,0.122,0.303,139.993,audio_features,3pSnRTpcebMBbrHv84WTqa,spotify:track:3pSnRTpcebMBbrHv84WTqa,https://api.spotify.com/v1/tracks/3pSnRTpcebMBbrHv84WTqa,https://api.spotify.com/v1/audio-analysis/3pSnRTpcebMBbrHv84WTqa,442283,4,psytrance,,9177.0,Psytrance Can
32161,32161,0.706,0.955,7,-6.501,1,0.0545,0.000205,0.862,0.0836,0.225,140.003,audio_features,3iLQTpg1AtUk0Jzt8XjsrB,spotify:track:3iLQTpg1AtUk0Jzt8XjsrB,https://api.spotify.com/v1/tracks/3iLQTpg1AtUk0Jzt8XjsrB,https://api.spotify.com/v1/audio-analysis/3iLQTpg1AtUk0Jzt8XjsrB,432000,4,psytrance,,10730.0,Best Psytrance 2020
32051,32051,0.723,0.887,9,-5.272,1,0.106,0.000849,0.7979999999999999,0.197,0.563,138.037,audio_features,55qLvscOTdoehpDcLIbCUS,spotify:track:55qLvscOTdoehpDcLIbCUS,https://api.spotify.com/v1/tracks/55qLvscOTdoehpDcLIbCUS,https://api.spotify.com/v1/audio-analysis/55qLvscOTdoehpDcLIbCUS,240393,4,psytrance,,10619.0,Psytrance: Full on New Releases 2020
30565,30565,0.6459999999999999,0.887,11,-7.397,0,0.0405,0.000542,0.8029999999999999,0.147,0.147,137.974,audio_features,6ESWFPlYzsj2d3X9LIP5NE,spotify:track:6ESWFPlYzsj2d3X9LIP5NE,https://api.spotify.com/v1/tracks/6ESWFPlYzsj2d3X9LIP5NE,https://api.spotify.com/v1/audio-analysis/6ESWFPlYzsj2d3X9LIP5NE,485544,4,psytrance,,9115.0,"Psy, Goa, Full on Trance"
31619,31619,0.508,0.96,11,-5.527,1,0.0415,6.05e-06,0.86,0.625,0.347,147.98,audio_features,11SLmHjxF0puyCKb25s8Jx,spotify:track:11SLmHjxF0puyCKb25s8Jx,https://api.spotify.com/v1/tracks/11SLmHjxF0puyCKb25s8Jx,https://api.spotify.com/v1/audio-analysis/11SLmHjxF0puyCKb25s8Jx,457223,3,psytrance,,10181.0,DARK PSYTRANCE
31711,31711,0.597,0.927,11,-5.871,0,0.0429,0.000273,0.828,0.138,0.135,143.997,audio_features,53zBy0CG7tUUOLMQrz2w35,spotify:track:53zBy0CG7tUUOLMQrz2w35,https://api.spotify.com/v1/tracks/53zBy0CG7tUUOLMQrz2w35,https://api.spotify.com/v1/audio-analysis/53zBy0CG7tUUOLMQrz2w35,440000,4,psytrance,,10275.0,PSYTRANCE BANGERS best new 2020
31616,31616,0.555,0.96,7,-8.914,1,0.0671,0.000446,0.878,0.109,0.496,154.013,audio_features,4LVqSvnlcxT5AH09oZuI7G,spotify:track:4LVqSvnlcxT5AH09oZuI7G,https://api.spotify.com/v1/tracks/4LVqSvnlcxT5AH09oZuI7G,https://api.spotify.com/v1/audio-analysis/4LVqSvnlcxT5AH09oZuI7G,490658,3,psytrance,,10178.0,PSYTRANCE BANGERS best new 2020
32750,32750,0.507,0.941,1,-6.189,1,0.0845,0.0003,0.7440000000000001,0.126,0.518,153.907,audio_features,6uSAM7vUFQvpJOo1ax8joA,spotify:track:6uSAM7vUFQvpJOo1ax8joA,https://api.spotify.com/v1/tracks/6uSAM7vUFQvpJOo1ax8joA,https://api.spotify.com/v1/audio-analysis/6uSAM7vUFQvpJOo1ax8joA,545455,4,psytrance,,11328.0,Psytrance New Releases 2020
32510,32510,0.562,0.732,6,-5.896,0,0.0489,0.0169,0.7879999999999999,0.118,0.074,140.005,audio_features,6dsXvwPAOCcsrcAiw4R9pL,spotify:track:6dsXvwPAOCcsrcAiw4R9pL,https://api.spotify.com/v1/tracks/6dsXvwPAOCcsrcAiw4R9pL,https://api.spotify.com/v1/audio-analysis/6dsXvwPAOCcsrcAiw4R9pL,570978,4,psytrance,,11084.0,Best of PsyTrance
33754,33754,0.629,0.997,5,-0.851,0,0.0592,0.0317,0.0276,0.441,0.501,150.02,audio_features,7lnurK9PRMqUXcN8QerlA1,spotify:track:7lnurK9PRMqUXcN8QerlA1,https://api.spotify.com/v1/tracks/7lnurK9PRMqUXcN8QerlA1,https://api.spotify.com/v1/audio-analysis/7lnurK9PRMqUXcN8QerlA1,192052,4,trap,,12339.0,I'm a fucking Headbanger
33997,33997,0.555,0.957,6,-1.587,1,0.126,0.00101,0.196,0.188,0.463,144.93,audio_features,0fgrCqzAUdG2Jx2r4PlyUG,spotify:track:0fgrCqzAUdG2Jx2r4PlyUG,https://api.spotify.com/v1/tracks/0fgrCqzAUdG2Jx2r4PlyUG,https://api.spotify.com/v1/audio-analysis/0fgrCqzAUdG2Jx2r4PlyUG,281690,4,trap,,12583.0,Riddim or die
36335,36335,0.662,0.887,0,-1.618,0,0.242,0.0027,0.000128,0.368,0.215,139.97799999999998,audio_features,4HJXcqDVaQHbefcLImfWVG,spotify:track:4HJXcqDVaQHbefcLImfWVG,https://api.spotify.com/v1/tracks/4HJXcqDVaQHbefcLImfWVG,https://api.spotify.com/v1/audio-analysis/4HJXcqDVaQHbefcLImfWVG,192559,4,trap,,14932.0,I'm a fucking Headbanger
35406,35406,0.451,0.936,10,-2.069,0,0.48,0.0058,0.0881,0.205,0.145,149.898,audio_features,1jQ8NjXFs4DzPlqOBC2FuQ,spotify:track:1jQ8NjXFs4DzPlqOBC2FuQ,https://api.spotify.com/v1/tracks/1jQ8NjXFs4DzPlqOBC2FuQ,https://api.spotify.com/v1/audio-analysis/1jQ8NjXFs4DzPlqOBC2FuQ,211483,4,trap,,13996.0,I'm a fucking Headbanger
33945,33945,0.696,0.992,2,-0.245,1,0.283,0.0224,3.75e-06,0.395,0.455,150.043,audio_features,5uhDGZiEyRZ3CyPQFtcqsL,spotify:track:5uhDGZiEyRZ3CyPQFtcqsL,https://api.spotify.com/v1/tracks/5uhDGZiEyRZ3CyPQFtcqsL,https://api.spotify.com/v1/audio-analysis/5uhDGZiEyRZ3CyPQFtcqsL,246400,4,trap,,12531.0,Headbangers:Dubstep/Riddim
36110,36110,0.536,0.991,11,0.085,0,0.205,0.0378,0.0197,0.584,0.16,150.003,audio_features,3qavwet0IxIpsUqKQ6vlSj,spotify:track:3qavwet0IxIpsUqKQ6vlSj,https://api.spotify.com/v1/tracks/3qavwet0IxIpsUqKQ6vlSj,https://api.spotify.com/v1/audio-analysis/3qavwet0IxIpsUqKQ6vlSj,307200,4,trap,,14706.0,Lost Lands 2019
34503,34503,0.748,0.8029999999999999,11,-5.574,0,0.0798,0.0255,0.8390000000000001,0.127,0.0562,144.96,audio_features,6QzR9S0d8wuyLh6jM7t5cg,spotify:track:6QzR9S0d8wuyLh6jM7t5cg,https://api.spotify.com/v1/tracks/6QzR9S0d8wuyLh6jM7t5cg,https://api.spotify.com/v1/audio-analysis/6QzR9S0d8wuyLh6jM7t5cg,269964,4,trap,,13090.0,Lost Lands 2019
35243,35243,0.386,0.971,10,-2.736,0,0.29,0.00275,0.619,0.155,0.127,139.942,audio_features,3bbOoF1p7dO2fJb7g6NZcg,spotify:track:3bbOoF1p7dO2fJb7g6NZcg,https://api.spotify.com/v1/tracks/3bbOoF1p7dO2fJb7g6NZcg,https://api.spotify.com/v1/audio-analysis/3bbOoF1p7dO2fJb7g6NZcg,336000,4,trap,,13833.0,RIDDIM 2020 & Riddim Hits
34573,34573,0.563,0.993,10,0.005,0,0.381,0.0218,0.00243,0.04,0.304,149.915,audio_features,2rQcVxvZfI3Zgog9sn03sn,spotify:track:2rQcVxvZfI3Zgog9sn03sn,https://api.spotify.com/v1/tracks/2rQcVxvZfI3Zgog9sn03sn,https://api.spotify.com/v1/audio-analysis/2rQcVxvZfI3Zgog9sn03sn,220900,4,trap,,13160.0,I'm a fucking Headbanger
35954,35954,0.461,0.821,5,-3.236,0,0.163,0.0396,0.0,0.138,0.388,147.775,audio_features,6eljJZdjM3zq24WDvsyZI9,spotify:track:6eljJZdjM3zq24WDvsyZI9,https://api.spotify.com/v1/tracks/6eljJZdjM3zq24WDvsyZI9,https://api.spotify.com/v1/audio-analysis/6eljJZdjM3zq24WDvsyZI9,180800,4,trap,,14549.0,Heavy Dubstep
37675,37675,0.5710000000000001,0.8009999999999999,11,-2.994,0,0.0319,0.00869,0.000371,0.0819,0.258,173.83599999999996,audio_features,4kDgiut08GQR88lqN3xPdi,spotify:track:4kDgiut08GQR88lqN3xPdi,https://api.spotify.com/v1/tracks/4kDgiut08GQR88lqN3xPdi,https://api.spotify.com/v1/audio-analysis/4kDgiut08GQR88lqN3xPdi,251789,4,dnb,,16284.0,UKF Drum & Bass - All Uploads
38233,38233,0.421,0.917,0,-3.185,0,0.0657,0.00464,0.496,0.0911,0.0581,172.99200000000005,audio_features,2N2TS8y7CZoCEO01TgJqFD,spotify:track:2N2TS8y7CZoCEO01TgJqFD,https://api.spotify.com/v1/tracks/2N2TS8y7CZoCEO01TgJqFD,https://api.spotify.com/v1/audio-analysis/2N2TS8y7CZoCEO01TgJqFD,322326,4,dnb,,16849.0,Drum and Bass - 2015 to 2020
36866,36866,0.6920000000000001,0.939,5,0.672,0,0.289,0.0213,0.0122,0.116,0.151,174.03,audio_features,0GdaLkjtd1HRZHRGP92VwA,spotify:track:0GdaLkjtd1HRZHRGP92VwA,https://api.spotify.com/v1/tracks/0GdaLkjtd1HRZHRGP92VwA,https://api.spotify.com/v1/audio-analysis/0GdaLkjtd1HRZHRGP92VwA,333793,4,dnb,,15465.0,Drum and Bass 2020 (Drum & Bass Music - DNB Hits)
36546,36546,0.513,0.84,10,-2.311,0,0.0617,0.052,0.0,0.152,0.307,176.2,audio_features,0Td5So3HiS88npERRH3QjB,spotify:track:0Td5So3HiS88npERRH3QjB,https://api.spotify.com/v1/tracks/0Td5So3HiS88npERRH3QjB,https://api.spotify.com/v1/audio-analysis/0Td5So3HiS88npERRH3QjB,289773,4,dnb,,15143.0,UKF Drum & Bass - All Uploads
37565,37565,0.493,0.792,4,-5.119,0,0.039,0.00686,0.843,0.136,0.15,173.972,audio_features,366P9vl9FbfTzvBZ5ja5Ck,spotify:track:366P9vl9FbfTzvBZ5ja5Ck,https://api.spotify.com/v1/tracks/366P9vl9FbfTzvBZ5ja5Ck,https://api.spotify.com/v1/audio-analysis/366P9vl9FbfTzvBZ5ja5Ck,315233,4,dnb,,16173.0,Liqduicity Drum & Bass
37757,37757,0.258,0.762,3,-4.143,0,0.0386,0.00122,0.845,0.116,0.114,174.011,audio_features,4o6wv3ly0HQDE98eMpf1Qe,spotify:track:4o6wv3ly0HQDE98eMpf1Qe,https://api.spotify.com/v1/tracks/4o6wv3ly0HQDE98eMpf1Qe,https://api.spotify.com/v1/audio-analysis/4o6wv3ly0HQDE98eMpf1Qe,337290,4,dnb,,16367.0,Liqduicity Drum & Bass
39034,39034,0.426,0.969,10,-2.7230000000000003,0,0.044,0.000103,0.5,0.316,0.418,174.002,audio_features,1NIAOip4JGj8I1iGIdXA0G,spotify:track:1NIAOip4JGj8I1iGIdXA0G,https://api.spotify.com/v1/tracks/1NIAOip4JGj8I1iGIdXA0G,https://api.spotify.com/v1/audio-analysis/1NIAOip4JGj8I1iGIdXA0G,305693,4,dnb,,17660.0,Liqduicity Drum & Bass
37801,37801,0.414,0.925,5,-2.282,1,0.0363,0.000158,0.145,0.132,0.205,174.023,audio_features,3DEOsCKFcseZtobrpOH2J7,spotify:track:3DEOsCKFcseZtobrpOH2J7,https://api.spotify.com/v1/tracks/3DEOsCKFcseZtobrpOH2J7,https://api.spotify.com/v1/audio-analysis/3DEOsCKFcseZtobrpOH2J7,270340,4,dnb,,16411.0,Stepping Out
37660,37660,0.54,0.8740000000000001,1,-4.857,0,0.0574,0.014,0.904,0.0879,0.125,174.032,audio_features,5TzjBB9gVnA5HRX4rxJdbq,spotify:track:5TzjBB9gVnA5HRX4rxJdbq,https://api.spotify.com/v1/tracks/5TzjBB9gVnA5HRX4rxJdbq,https://api.spotify.com/v1/audio-analysis/5TzjBB9gVnA5HRX4rxJdbq,357637,4,dnb,,16269.0,Liquid Drum & Bass
38878,38878,0.439,0.8420000000000001,8,-6.754,0,0.0598,0.0034,0.000112,0.142,0.182,173.888,audio_features,6rNwJoebo5TU64YBMnhN05,spotify:track:6rNwJoebo5TU64YBMnhN05,https://api.spotify.com/v1/tracks/6rNwJoebo5TU64YBMnhN05,https://api.spotify.com/v1/audio-analysis/6rNwJoebo5TU64YBMnhN05,246552,4,dnb,,17502.0,UKF Drum & Bass - All Uploads
40945,40945,0.409,0.894,5,-4.847,0,0.118,0.00195,0.000287,0.342,0.441,149.782,audio_features,16UpzSsIeozPXgWcW2fG31,spotify:track:16UpzSsIeozPXgWcW2fG31,https://api.spotify.com/v1/tracks/16UpzSsIeozPXgWcW2fG31,https://api.spotify.com/v1/audio-analysis/16UpzSsIeozPXgWcW2fG31,218445,4,hardstyle,,19607.0,Best of Hardstyle 2020
41394,41394,0.5529999999999999,0.956,7,-3.321,0,0.0496,0.00202,0.0186,0.275,0.826,149.977,audio_features,7EI0PS5RXjsZVRakn4dtsf,spotify:track:7EI0PS5RXjsZVRakn4dtsf,https://api.spotify.com/v1/tracks/7EI0PS5RXjsZVRakn4dtsf,https://api.spotify.com/v1/audio-analysis/7EI0PS5RXjsZVRakn4dtsf,209744,4,hardstyle,,20066.0,Ready2GetMaggot?
39825,39825,0.5589999999999999,0.924,7,-4.061,0,0.035,0.214,0.156,0.304,0.39,149.994,audio_features,6uI17IlHzlDIxeK1A3gYJI,spotify:track:6uI17IlHzlDIxeK1A3gYJI,https://api.spotify.com/v1/tracks/6uI17IlHzlDIxeK1A3gYJI,https://api.spotify.com/v1/audio-analysis/6uI17IlHzlDIxeK1A3gYJI,210400,4,hardstyle,,18468.0,Melodic Hardstyle 2020
39965,39965,0.5870000000000001,0.992,10,-2.502,0,0.0983,0.0211,0.802,0.0782,0.0649,149.984,audio_features,1LO4eZZETa0MxB4MmzWC58,spotify:track:1LO4eZZETa0MxB4MmzWC58,https://api.spotify.com/v1/tracks/1LO4eZZETa0MxB4MmzWC58,https://api.spotify.com/v1/audio-analysis/1LO4eZZETa0MxB4MmzWC58,334487,4,hardstyle,,18609.0,Euphoric Hardstyle
41930,41930,0.506,0.98,7,-4.984,0,0.0429,0.00112,0.8340000000000001,0.703,0.477,149.97899999999996,audio_features,5HF6ffgwBOmpxVKucMjTPI,spotify:track:5HF6ffgwBOmpxVKucMjTPI,https://api.spotify.com/v1/tracks/5HF6ffgwBOmpxVKucMjTPI,https://api.spotify.com/v1/audio-analysis/5HF6ffgwBOmpxVKucMjTPI,156000,4,hardstyle,,20615.0,Euphoric Hardstyle
41506,41506,0.416,0.988,1,-4.045,0,0.0659,0.00465,0.104,0.436,0.335,150.039,audio_features,1idlqM4tunfXeGb4BCBV70,spotify:track:1idlqM4tunfXeGb4BCBV70,https://api.spotify.com/v1/tracks/1idlqM4tunfXeGb4BCBV70,https://api.spotify.com/v1/audio-analysis/1idlqM4tunfXeGb4BCBV70,244804,4,hardstyle,,20182.0,Euphoric Hardstyle - 2020
40289,40289,0.578,0.948,1,-3.3560000000000003,0,0.0449,0.00255,0.0772,0.373,0.35,149.977,audio_features,2X9v6Z7XKh3QVSuQsIE01f,spotify:track:2X9v6Z7XKh3QVSuQsIE01f,https://api.spotify.com/v1/tracks/2X9v6Z7XKh3QVSuQsIE01f,https://api.spotify.com/v1/audio-analysis/2X9v6Z7XKh3QVSuQsIE01f,287800,4,hardstyle,,18941.0,Best Hardstyle ever made
42298,42298,0.502,0.991,5,-4.333,0,0.24,0.00554,0.000198,0.47,0.0797,150.029,audio_features,4PMqy2vJjmv6ydGVqtCqPW,spotify:track:4PMqy2vJjmv6ydGVqtCqPW,https://api.spotify.com/v1/tracks/4PMqy2vJjmv6ydGVqtCqPW,https://api.spotify.com/v1/audio-analysis/4PMqy2vJjmv6ydGVqtCqPW,200000,4,hardstyle,,20993.0,Euphoric Hardstyle
41099,41099,0.396,0.872,1,-4.32,1,0.047,0.21,0.0,0.134,0.124,150.15,audio_features,09RwvYlsuFJQS7wixKVx0M,spotify:track:09RwvYlsuFJQS7wixKVx0M,https://api.spotify.com/v1/tracks/09RwvYlsuFJQS7wixKVx0M,https://api.spotify.com/v1/audio-analysis/09RwvYlsuFJQS7wixKVx0M,193727,3,hardstyle,,19763.0,Euphoric Hardstyle
40514,40514,0.182,0.92,9,-7.178999999999999,0,0.0677,0.000583,0.0788,0.319,0.147,150.128,audio_features,6chwtKrWFYaE28iu7nHtHb,spotify:track:6chwtKrWFYaE28iu7nHtHb,https://api.spotify.com/v1/tracks/6chwtKrWFYaE28iu7nHtHb,https://api.spotify.com/v1/audio-analysis/6chwtKrWFYaE28iu7nHtHb,171692,4,hardstyle,,19171.0,Best of Hardstyle 2020
